{
  "0.00000.0000": {
    "ssim": {
      "vdp": [
        0.7906,
        0.7459,
        0.7487,
        0.7594,
        0.7654
      ],
      "moire": [
        0.7615,
        0.736,
        0.7319,
        0.7362,
        0.7442
      ],
      "McM": [
        0.8634,
        0.8426,
        0.8457,
        0.8452,
        0.8521
      ],
      "Kodak": [
        0.7904,
        0.7724,
        0.7705,
        0.7719,
        0.7801
      ]
    },
    "psnr": {
      "vdp": [
        28.0,
        26.73,
        26.78,
        27.13,
        27.35
      ],
      "moire": [
        29.62,
        28.65,
        28.62,
        28.79,
        29.06
      ],
      "McM": [
        32.52,
        31.66,
        31.65,
        31.67,
        32.11
      ],
      "Kodak": [
        31.84,
        30.95,
        30.87,
        30.69,
        31.34
      ]
    }
  },
  "0.00000.0050": {
    "ssim": {
      "vdp": [
        0.8177,
        0.7742,
        0.7761,
        0.7908,
        0.7959
      ],
      "moire": [
        0.7886,
        0.76,
        0.7587,
        0.7672,
        0.7709
      ],
      "McM": [
        0.8746,
        0.8549,
        0.8571,
        0.8606,
        0.864
      ],
      "Kodak": [
        0.818,
        0.7938,
        0.7954,
        0.8005,
        0.8051
      ]
    },
    "psnr": {
      "vdp": [
        27.96,
        26.74,
        26.81,
        27.24,
        27.41
      ],
      "moire": [
        29.64,
        28.72,
        28.72,
        29.03,
        29.14
      ],
      "McM": [
        32.64,
        31.82,
        31.86,
        32.12,
        32.25
      ],
      "Kodak": [
        32.11,
        31.19,
        31.17,
        31.37,
        31.58
      ]
    }
  },
  "0.00000.0100": {
    "ssim": {
      "vdp": [
        0.8183,
        0.7809,
        0.7805,
        0.7961,
        0.801
      ],
      "moire": [
        0.8032,
        0.7764,
        0.7736,
        0.7843,
        0.7862
      ],
      "McM": [
        0.8667,
        0.8544,
        0.8516,
        0.8562,
        0.8578
      ],
      "Kodak": [
        0.8287,
        0.8089,
        0.8077,
        0.815,
        0.8177
      ]
    },
    "psnr": {
      "vdp": [
        27.22,
        26.23,
        26.31,
        26.7,
        26.82
      ],
      "moire": [
        29.03,
        28.33,
        28.32,
        28.6,
        28.66
      ],
      "McM": [
        31.88,
        31.39,
        31.33,
        31.55,
        31.57
      ],
      "Kodak": [
        31.43,
        30.77,
        30.75,
        31.0,
        31.07
      ]
    }
  },
  "0.00000.0200": {
    "ssim": {
      "vdp": [
        0.6759,
        0.6587,
        0.6713,
        0.6806,
        0.6858
      ],
      "moire": [
        0.6166,
        0.6217,
        0.6364,
        0.6358,
        0.6373
      ],
      "McM": [
        0.6124,
        0.6281,
        0.646,
        0.6404,
        0.6412
      ],
      "Kodak": [
        0.5205,
        0.5462,
        0.5672,
        0.56,
        0.56
      ]
    },
    "psnr": {
      "vdp": [
        23.88,
        23.52,
        23.78,
        23.97,
        24.04
      ],
      "moire": [
        24.59,
        24.66,
        24.92,
        24.94,
        24.93
      ],
      "McM": [
        26.25,
        26.43,
        26.7,
        26.69,
        26.66
      ],
      "Kodak": [
        25.13,
        25.5,
        25.8,
        25.73,
        25.7
      ]
    }
  },
  "0.00000.0300": {
    "ssim": {
      "vdp": [
        0.5464,
        0.5286,
        0.5468,
        0.5558,
        0.5619
      ],
      "moire": [
        0.4662,
        0.468,
        0.4875,
        0.486,
        0.4873
      ],
      "McM": [
        0.4207,
        0.4293,
        0.4493,
        0.448,
        0.4494
      ],
      "Kodak": [
        0.3488,
        0.3605,
        0.3808,
        0.3755,
        0.3731
      ]
    },
    "psnr": {
      "vdp": [
        21.35,
        21.15,
        21.51,
        21.6,
        21.63
      ],
      "moire": [
        21.61,
        21.72,
        22.09,
        22.02,
        21.97
      ],
      "McM": [
        22.72,
        22.87,
        23.22,
        23.18,
        23.13
      ],
      "Kodak": [
        21.67,
        21.99,
        22.36,
        22.21,
        22.11
      ]
    }
  },
  "0.00000.0400": {
    "ssim": {
      "vdp": [
        0.4661,
        0.4444,
        0.465,
        0.4758,
        0.4805
      ],
      "moire": [
        0.3831,
        0.3787,
        0.3989,
        0.4011,
        0.4013
      ],
      "McM": [
        0.3231,
        0.3233,
        0.3428,
        0.3453,
        0.3467
      ],
      "Kodak": [
        0.27,
        0.2734,
        0.292,
        0.2899,
        0.2866
      ]
    },
    "psnr": {
      "vdp": [
        19.75,
        19.54,
        19.95,
        20.03,
        20.04
      ],
      "moire": [
        19.84,
        19.89,
        20.3,
        20.25,
        20.17
      ],
      "McM": [
        20.73,
        20.75,
        21.13,
        21.14,
        21.11
      ],
      "Kodak": [
        19.78,
        19.97,
        20.38,
        20.26,
        20.12
      ]
    }
  }
}