{
  "0.00000.0000": {
    "ssim": {
      "vdp": [
        0.6775,
        0.6434,
        0.6483,
        0.6573,
        0.6774
      ],
      "moire": [
        0.6893,
        0.6665,
        0.6644,
        0.6707,
        0.6957
      ],
      "McM": [
        0.8173,
        0.799,
        0.801,
        0.8027,
        0.8191
      ],
      "Kodak": [
        0.7368,
        0.7249,
        0.7249,
        0.727,
        0.7646
      ]
    },
    "psnr": {
      "vdp": [
        25.69,
        24.94,
        25.02,
        25.17,
        25.48
      ],
      "moire": [
        27.77,
        27.05,
        27.1,
        27.14,
        27.61
      ],
      "McM": [
        30.75,
        29.82,
        29.84,
        29.76,
        30.24
      ],
      "Kodak": [
        30.04,
        29.4,
        29.49,
        29.34,
        30.35
      ]
    }
  },
  "0.00000.0050": {
    "ssim": {
      "vdp": [
        0.7034,
        0.6678,
        0.6726,
        0.685,
        0.6924
      ],
      "moire": [
        0.7069,
        0.6822,
        0.6813,
        0.6902,
        0.6982
      ],
      "McM": [
        0.8263,
        0.8077,
        0.8106,
        0.8144,
        0.8208
      ],
      "Kodak": [
        0.7514,
        0.7361,
        0.7389,
        0.7423,
        0.7568
      ]
    },
    "psnr": {
      "vdp": [
        25.92,
        25.11,
        25.2,
        25.45,
        25.61
      ],
      "moire": [
        27.92,
        27.22,
        27.25,
        27.42,
        27.62
      ],
      "McM": [
        30.82,
        29.98,
        30.02,
        30.12,
        30.38
      ],
      "Kodak": [
        30.25,
        29.61,
        29.66,
        29.71,
        30.1
      ]
    }
  },
  "0.00000.0100": {
    "ssim": {
      "vdp": [
        0.7274,
        0.6917,
        0.6946,
        0.7103,
        0.7122
      ],
      "moire": [
        0.7241,
        0.699,
        0.6986,
        0.7094,
        0.7101
      ],
      "McM": [
        0.834,
        0.8168,
        0.8193,
        0.8249,
        0.8265
      ],
      "Kodak": [
        0.7663,
        0.7497,
        0.7529,
        0.7586,
        0.7631
      ]
    },
    "psnr": {
      "vdp": [
        26.07,
        25.24,
        25.32,
        25.63,
        25.73
      ],
      "moire": [
        28.04,
        27.34,
        27.37,
        27.61,
        27.68
      ],
      "McM": [
        31.01,
        30.22,
        30.28,
        30.47,
        30.58
      ],
      "Kodak": [
        30.42,
        29.78,
        29.82,
        29.98,
        30.1
      ]
    }
  },
  "0.00000.0200": {
    "ssim": {
      "vdp": [
        0.7521,
        0.7135,
        0.7145,
        0.7313,
        0.7342
      ],
      "moire": [
        0.7507,
        0.7209,
        0.7196,
        0.7324,
        0.7313
      ],
      "McM": [
        0.8316,
        0.8137,
        0.8139,
        0.8191,
        0.8197
      ],
      "Kodak": [
        0.7851,
        0.7639,
        0.7638,
        0.771,
        0.7721
      ]
    },
    "psnr": {
      "vdp": [
        25.72,
        24.89,
        24.98,
        25.3,
        25.39
      ],
      "moire": [
        27.72,
        27.01,
        27.04,
        27.29,
        27.33
      ],
      "McM": [
        30.49,
        29.77,
        29.83,
        30.04,
        30.09
      ],
      "Kodak": [
        30.04,
        29.31,
        29.34,
        29.54,
        29.62
      ]
    }
  },
  "0.00000.0300": {
    "ssim": {
      "vdp": [
        0.6881,
        0.655,
        0.6612,
        0.6746,
        0.6778
      ],
      "moire": [
        0.6651,
        0.6437,
        0.648,
        0.6546,
        0.6555
      ],
      "McM": [
        0.6967,
        0.6855,
        0.6932,
        0.6908,
        0.6927
      ],
      "Kodak": [
        0.6188,
        0.6122,
        0.6212,
        0.6185,
        0.6221
      ]
    },
    "psnr": {
      "vdp": [
        24.07,
        23.46,
        23.62,
        23.85,
        23.91
      ],
      "moire": [
        25.41,
        24.97,
        25.13,
        25.23,
        25.25
      ],
      "McM": [
        27.43,
        27.04,
        27.2,
        27.25,
        27.26
      ],
      "Kodak": [
        26.58,
        26.27,
        26.44,
        26.46,
        26.52
      ]
    }
  },
  "0.00000.0400": {
    "ssim": {
      "vdp": [
        0.5849,
        0.5602,
        0.5731,
        0.5842,
        0.5849
      ],
      "moire": [
        0.5295,
        0.5191,
        0.5309,
        0.5355,
        0.5308
      ],
      "McM": [
        0.5229,
        0.5229,
        0.5391,
        0.5368,
        0.5293
      ],
      "Kodak": [
        0.4258,
        0.4295,
        0.4443,
        0.4433,
        0.4371
      ]
    },
    "psnr": {
      "vdp": [
        22.1,
        21.73,
        21.99,
        22.15,
        22.15
      ],
      "moire": [
        22.76,
        22.61,
        22.88,
        22.94,
        22.85
      ],
      "McM": [
        24.25,
        24.15,
        24.46,
        24.46,
        24.36
      ],
      "Kodak": [
        23.16,
        23.17,
        23.46,
        23.45,
        23.34
      ]
    }
  }
}