{
  "0.00000.0000": {
    "ssim": {
      "MIT": [
        0.9432,
        0.9517,
        0.9595,
        0.9595
      ],
      "moire": [
        0.9435,
        0.9494,
        0.9533,
        0.9531
      ],
      "McM": [
        0.9724,
        0.9751,
        0.9742,
        0.971
      ],
      "Kodak": [
        0.9764,
        0.9805,
        0.9838,
        0.9843
      ]
    },
    "psnr": {
      "MIT": [
        31.92,
        32.77,
        33.66,
        33.77
      ],
      "moire": [
        34.93,
        35.69,
        36.34,
        36.46
      ],
      "McM": [
        39.75,
        40.28,
        40.11,
        39.66
      ],
      "Kodak": [
        39.63,
        40.46,
        41.26,
        41.47
      ]
    }
  },
  "0.00000.0050": {
    "ssim": {
      "MIT": [
        0.6867,
        0.6944,
        0.7078,
        0.7081
      ],
      "moire": [
        0.6159,
        0.6198,
        0.6285,
        0.6266
      ],
      "McM": [
        0.5483,
        0.5457,
        0.5495,
        0.5485
      ],
      "Kodak": [
        0.5091,
        0.5092,
        0.5116,
        0.5091
      ]
    },
    "psnr": {
      "MIT": [
        24.38,
        24.62,
        24.98,
        24.98
      ],
      "moire": [
        24.88,
        25.0,
        25.2,
        25.16
      ],
      "McM": [
        25.83,
        25.86,
        25.98,
        25.95
      ],
      "Kodak": [
        25.29,
        25.29,
        25.34,
        25.28
      ]
    }
  },
  "0.00000.0100": {
    "ssim": {
      "MIT": [
        0.5797,
        0.5879,
        0.6023,
        0.6048
      ],
      "moire": [
        0.4967,
        0.5011,
        0.5108,
        0.5106
      ],
      "McM": [
        0.4179,
        0.4163,
        0.4219,
        0.4237
      ],
      "Kodak": [
        0.3804,
        0.38,
        0.3848,
        0.3832
      ]
    },
    "psnr": {
      "MIT": [
        22.03,
        22.19,
        22.48,
        22.5
      ],
      "moire": [
        22.28,
        22.35,
        22.53,
        22.5
      ],
      "McM": [
        23.03,
        23.04,
        23.17,
        23.2
      ],
      "Kodak": [
        22.5,
        22.46,
        22.51,
        22.45
      ]
    }
  },
  "0.00000.0200": {
    "ssim": {
      "MIT": [
        0.4622,
        0.4711,
        0.487,
        0.4899
      ],
      "moire": [
        0.3794,
        0.3844,
        0.395,
        0.395
      ],
      "McM": [
        0.3012,
        0.3011,
        0.3078,
        0.3096
      ],
      "Kodak": [
        0.2706,
        0.271,
        0.277,
        0.2759
      ]
    },
    "psnr": {
      "MIT": [
        19.56,
        19.69,
        19.94,
        19.96
      ],
      "moire": [
        19.67,
        19.72,
        19.88,
        19.85
      ],
      "McM": [
        20.25,
        20.28,
        20.43,
        20.48
      ],
      "Kodak": [
        19.79,
        19.73,
        19.8,
        19.73
      ]
    }
  },
  "0.00000.0300": {
    "ssim": {
      "MIT": [
        0.3935,
        0.4026,
        0.4186,
        0.4221
      ],
      "moire": [
        0.3169,
        0.3216,
        0.3324,
        0.3329
      ],
      "McM": [
        0.2435,
        0.2434,
        0.2505,
        0.2523
      ],
      "Kodak": [
        0.2178,
        0.2186,
        0.225,
        0.2242
      ]
    },
    "psnr": {
      "MIT": [
        18.13,
        18.25,
        18.49,
        18.5
      ],
      "moire": [
        18.19,
        18.23,
        18.4,
        18.35
      ],
      "McM": [
        18.69,
        18.71,
        18.89,
        18.94
      ],
      "Kodak": [
        18.27,
        18.22,
        18.31,
        18.22
      ]
    }
  },
  "0.00000.0400": {
    "ssim": {
      "MIT": [
        0.3456,
        0.3546,
        0.3712,
        0.3746
      ],
      "moire": [
        0.2752,
        0.2799,
        0.2909,
        0.2915
      ],
      "McM": [
        0.2065,
        0.2068,
        0.2141,
        0.2159
      ],
      "Kodak": [
        0.185,
        0.1863,
        0.1926,
        0.192
      ]
    },
    "psnr": {
      "MIT": [
        17.12,
        17.24,
        17.48,
        17.48
      ],
      "moire": [
        17.17,
        17.21,
        17.38,
        17.32
      ],
      "McM": [
        17.6,
        17.63,
        17.82,
        17.87
      ],
      "Kodak": [
        17.23,
        17.19,
        17.29,
        17.19
      ]
    }
  }
}